First Name,Last Name,Email,Password
Shelby,Terrell,elijah57@example.net,ssssss
Phillip,Summers,bethany14@example.com,ssssss
Kristine,Travis,bthompson@example.com,ssssss
Yesenia,Martinez,kaitlinkaiser@example.com,ssssss
Lori,Todd,buchananmanuel@example.net,ssssss
Erin,Day,tconner@example.org,ssssss
Katherine,Buck,conniecowan@example.com,ssssss
Ricardo,Hinton,wyattbishop@example.com,ssssss
Dave,Farrell,nmccann@example.net,ssssss
ayah,shraim,a@eeeeeee,aaaaaaa
noor,as,noor@gmail.com,nnnnnn
aaa,aaa,aaa@gmail.com,1111
ddd,ddd,ddd@gmail.com,1111
aaq,aaq,aaq@gmail.com,1111
fff,fff,fff@gmail.com,1111
z,z,z@gmail.com,1111
???,???,ss@gmail.com,1111
